[
    {
        "timestamp": "2025-05-12T21:00:46.718011",
        "user_message": "test message",
        "bot_response": "test response"
    },
    {
        "timestamp": "2025-05-12T21:06:43.911884",
        "user_message": "test message 2",
        "bot_response": "test response 2"
    },
    {
        "timestamp": "2025-05-12T21:09:12.031461",
        "user_message": "thank you",
        "bot_response": "Let me know if you need anything else."
    },
    {
        "timestamp": "2025-05-13T08:44:33.753696",
        "user_message": "hi",
        "bot_response": "Sorry, I couldn't perform a Google search at the moment."
    },
    {
        "timestamp": "2025-05-13T08:44:33.761161",
        "user_message": "hi",
        "bot_response": "Sorry, I couldn't perform a Google search at the moment."
    },
    {
        "timestamp": "2025-05-13T08:44:40.256869",
        "user_message": "hi",
        "bot_response": "Sorry, I couldn't perform a Google search at the moment."
    },
    {
        "timestamp": "2025-05-13T08:44:40.313014",
        "user_message": "hi",
        "bot_response": "Sorry, I couldn't perform a Google search at the moment."
    },
    {
        "timestamp": "2025-05-13T08:44:44.773192",
        "user_message": "hello",
        "bot_response": "Sorry, I couldn't perform a Google search at the moment."
    },
    {
        "timestamp": "2025-05-13T08:44:44.811708",
        "user_message": "hello",
        "bot_response": "Sorry, I couldn't perform a Google search at the moment."
    },
    {
        "timestamp": "2025-05-13T08:49:05.028919",
        "user_message": "hi",
        "bot_response": "Sorry, I couldn't perform a Google search at the moment."
    },
    {
        "timestamp": "2025-05-13T08:49:05.169843",
        "user_message": "hi",
        "bot_response": "Sorry, I couldn't perform a Google search at the moment."
    },
    {
        "timestamp": "2025-05-13T08:49:10.298470",
        "user_message": "hello",
        "bot_response": "Sorry, I couldn't perform a Google search at the moment."
    },
    {
        "timestamp": "2025-05-13T08:49:10.315163",
        "user_message": "hello",
        "bot_response": "Sorry, I couldn't perform a Google search at the moment."
    },
    {
        "timestamp": "2025-05-13T08:56:53.811751",
        "user_message": "hi",
        "bot_response": "Hey! Let\u2019s discuss how we can elevate your brand."
    },
    {
        "timestamp": "2025-05-13T08:56:53.829530",
        "user_message": "hi",
        "bot_response": "Hey! Let\u2019s discuss how we can elevate your brand."
    },
    {
        "timestamp": "2025-05-13T08:56:57.212860",
        "user_message": "hello",
        "bot_response": "Hi there! How can I assist you with your business today?"
    },
    {
        "timestamp": "2025-05-13T08:56:57.256099",
        "user_message": "hello",
        "bot_response": "Hi there! How can I assist you with your business today?"
    },
    {
        "timestamp": "2025-05-13T08:57:03.601717",
        "user_message": "what can you do",
        "bot_response": "We offer:\n\ud83d\udd39 Web Design and Development\n\ud83d\udd39 Branding and Identity Creation\n\ud83d\udd39 SEO Optimization\n\ud83d\udd39 Digital Marketing Campaigns\n\ud83d\udd39 Online Strategy Consultation"
    },
    {
        "timestamp": "2025-05-13T08:57:03.633813",
        "user_message": "what can you do",
        "bot_response": "We offer:\n\ud83d\udd39 Web Design and Development\n\ud83d\udd39 Branding and Identity Creation\n\ud83d\udd39 SEO Optimization\n\ud83d\udd39 Digital Marketing Campaigns\n\ud83d\udd39 Online Strategy Consultation"
    },
    {
        "timestamp": "2025-05-13T08:57:05.876684",
        "user_message": "hey",
        "bot_response": "Hi there! How can I assist you with your business today?"
    },
    {
        "timestamp": "2025-05-13T08:57:05.914732",
        "user_message": "hey",
        "bot_response": "Hi there! How can I assist you with your business today?"
    },
    {
        "timestamp": "2025-05-13T08:57:10.963835",
        "user_message": "ehy",
        "bot_response": "Sorry, I couldn't perform a Google search at the moment."
    },
    {
        "timestamp": "2025-05-13T08:57:10.998318",
        "user_message": "ehy",
        "bot_response": "Sorry, I couldn't perform a Google search at the moment."
    },
    {
        "timestamp": "2025-05-13T08:57:12.045769",
        "user_message": "hey",
        "bot_response": "Hello! I'm here to assist with your marketing needs. What brings you to MethvinMarketing today?"
    },
    {
        "timestamp": "2025-05-13T08:57:12.096786",
        "user_message": "hey",
        "bot_response": "Hello! I'm here to assist with your marketing needs. What brings you to MethvinMarketing today?"
    },
    {
        "timestamp": "2025-05-13T08:57:13.881519",
        "user_message": "hey",
        "bot_response": "Hi there! \ud83d\udc4b Welcome to MethvinMarketing. How can we help your business thrive?"
    },
    {
        "timestamp": "2025-05-13T08:57:13.925498",
        "user_message": "hey",
        "bot_response": "Hi there! \ud83d\udc4b Welcome to MethvinMarketing. How can we help your business thrive?"
    },
    {
        "timestamp": "2025-05-13T08:57:15.590482",
        "user_message": "hey",
        "bot_response": "Hello! I'm here to assist with your marketing needs. What brings you to MethvinMarketing today?"
    },
    {
        "timestamp": "2025-05-13T08:57:15.620266",
        "user_message": "hey",
        "bot_response": "Hello! I'm here to assist with your marketing needs. What brings you to MethvinMarketing today?"
    },
    {
        "timestamp": "2025-05-13T08:57:17.662850",
        "user_message": "hey",
        "bot_response": "Hey! Let's discuss how we can elevate your brand."
    },
    {
        "timestamp": "2025-05-13T08:57:17.689009",
        "user_message": "hey",
        "bot_response": "Hey! Let's discuss how we can elevate your brand."
    },
    {
        "timestamp": "2025-05-13T09:41:27.669513",
        "user_message": "hi",
        "bot_response": "Hi! Ready to take your marketing to the next level? Ask me anything."
    },
    {
        "timestamp": "2025-05-13T09:41:27.679164",
        "user_message": "hi",
        "bot_response": "Hi! Ready to take your marketing to the next level? Ask me anything."
    },
    {
        "timestamp": "2025-05-13T09:41:35.816982",
        "user_message": "what can you do?",
        "bot_response": "I'm here and ready to help with your marketing questions! How can I assist your business today?"
    },
    {
        "timestamp": "2025-05-13T09:41:35.831316",
        "user_message": "what can you do?",
        "bot_response": "I'm here and ready to help with your marketing questions! How can I assist your business today?"
    },
    {
        "timestamp": "2025-05-13T09:41:45.965124",
        "user_message": "can i get some business tips?",
        "bot_response": "Don't be afraid to experiment! Test new channels and strategies to see what works best for you."
    },
    {
        "timestamp": "2025-05-13T09:41:45.976193",
        "user_message": "can i get some business tips?",
        "bot_response": "Don't be afraid to experiment! Test new channels and strategies to see what works best for you."
    },
    {
        "timestamp": "2025-05-13T09:41:57.306578",
        "user_message": "how can we start",
        "bot_response": "Yes! We offer marketing consulting to help you develop and execute effective strategies for growth."
    },
    {
        "timestamp": "2025-05-13T09:41:57.319391",
        "user_message": "how can we start",
        "bot_response": "Yes! We offer marketing consulting to help you develop and execute effective strategies for growth."
    },
    {
        "timestamp": "2025-05-13T09:42:04.949647",
        "user_message": "do you make websites?",
        "bot_response": "We can redesign your existing website to improve its look, performance, and results."
    },
    {
        "timestamp": "2025-05-13T09:42:04.961905",
        "user_message": "do you make websites?",
        "bot_response": "We can redesign your existing website to improve its look, performance, and results."
    },
    {
        "timestamp": "2025-05-13T09:42:16.683108",
        "user_message": "can i get some marketing tips?",
        "bot_response": "Content marketing is about creating valuable content to attract and engage your audience. We help with blogs, videos, and more."
    },
    {
        "timestamp": "2025-05-13T09:42:16.698717",
        "user_message": "can i get some marketing tips?",
        "bot_response": "Content marketing is about creating valuable content to attract and engage your audience. We help with blogs, videos, and more."
    },
    {
        "timestamp": "2025-05-13T09:42:24.181089",
        "user_message": "what is marketing?",
        "bot_response": "Marketing is the process of promoting and selling products or services, including market research and advertising."
    },
    {
        "timestamp": "2025-05-13T09:42:24.194341",
        "user_message": "what is marketing?",
        "bot_response": "Marketing is the process of promoting and selling products or services, including market research and advertising."
    },
    {
        "timestamp": "2025-05-13T09:42:29.539395",
        "user_message": "what is SEO",
        "bot_response": "We use proven SEO strategies, from technical audits to content optimization and link building."
    },
    {
        "timestamp": "2025-05-13T09:42:29.554349",
        "user_message": "what is SEO",
        "bot_response": "We use proven SEO strategies, from technical audits to content optimization and link building."
    },
    {
        "timestamp": "2025-05-13T09:43:15.911540",
        "user_message": "How do I book a meeting?",
        "bot_response": "You can book a free consultation by sharing your contact details or visiting our website's contact page."
    },
    {
        "timestamp": "2025-05-13T09:43:15.921424",
        "user_message": "How do I book a meeting?",
        "bot_response": "You can book a free consultation by sharing your contact details or visiting our website's contact page."
    },
    {
        "timestamp": "2025-05-13T09:43:37.771240",
        "user_message": "hello",
        "bot_response": "Hello! How can Methvin Marketing assist you with your marketing goals?"
    },
    {
        "timestamp": "2025-05-13T09:43:37.787722",
        "user_message": "hello",
        "bot_response": "Hello! How can Methvin Marketing assist you with your marketing goals?"
    },
    {
        "timestamp": "2025-05-13T10:51:37.492319",
        "user_message": "hi",
        "bot_response": "Hi! Ready to take your marketing to the next level? Ask me anything."
    },
    {
        "timestamp": "2025-05-13T10:51:37.510009",
        "user_message": "hi",
        "bot_response": "Hi! Ready to take your marketing to the next level? Ask me anything."
    },
    {
        "timestamp": "2025-05-13T11:02:05.653999",
        "user_message": "hi",
        "bot_response": "Hello! Whether you need strategy, design, or digital solutions, I'm here to help."
    },
    {
        "timestamp": "2025-05-13T11:02:05.663495",
        "user_message": "hi",
        "bot_response": "Hello! Whether you need strategy, design, or digital solutions, I'm here to help."
    },
    {
        "timestamp": "2025-05-13T11:02:11.761282",
        "user_message": "can i get some marketing tips",
        "bot_response": "To give you the most relevant marketing tips, could you share what type of business you operate?"
    },
    {
        "timestamp": "2025-05-13T11:02:11.781376",
        "user_message": "can i get some marketing tips",
        "bot_response": "To give you the most relevant marketing tips, could you share what type of business you operate?"
    },
    {
        "timestamp": "2025-05-13T11:02:18.151319",
        "user_message": "education",
        "bot_response": "For your {business_type} at {business_scale} level, I recommend:\n\n1. Develop a strong brand identity that resonates with your target market\n2. Implement a content marketing strategy that addresses your customers' pain points\n3. Use social media to build relationships with your audience\n4. Consider strategic partnerships with complementary businesses\n5. Track your marketing metrics to optimize your efforts\n\nWould you like to dive deeper into any of these strategies?"
    },
    {
        "timestamp": "2025-05-13T11:02:18.206179",
        "user_message": "education",
        "bot_response": "For your {business_type} at {business_scale} level, I recommend:\n\n1. Develop a strong brand identity that resonates with your target market\n2. Implement a content marketing strategy that addresses your customers' pain points\n3. Use social media to build relationships with your audience\n4. Consider strategic partnerships with complementary businesses\n5. Track your marketing metrics to optimize your efforts\n\nWould you like to dive deeper into any of these strategies?"
    },
    {
        "timestamp": "2025-05-13T11:07:14.097814",
        "user_message": "hi",
        "bot_response": "Hi there! Welcome to Methvin Marketing. How can we help your business grow today?"
    },
    {
        "timestamp": "2025-05-13T11:07:14.116849",
        "user_message": "hi",
        "bot_response": "Hi there! Welcome to Methvin Marketing. How can we help your business grow today?"
    },
    {
        "timestamp": "2025-05-13T11:07:20.320120",
        "user_message": "can i get some marketing tips",
        "bot_response": "Sure! To give you the best marketing tips, can you tell me what type of business you have? (e.g., education, restaurant, retail, etc.)"
    },
    {
        "timestamp": "2025-05-13T11:07:20.346962",
        "user_message": "can i get some marketing tips",
        "bot_response": "Sure! To give you the best marketing tips, can you tell me what type of business you have? (e.g., education, restaurant, retail, etc.)"
    },
    {
        "timestamp": "2025-05-13T11:07:27.778365",
        "user_message": "education",
        "bot_response": "Got it! Is your business a startup, small business, medium-sized, or large enterprise?"
    },
    {
        "timestamp": "2025-05-13T11:07:27.829585",
        "user_message": "education",
        "bot_response": "Got it! Is your business a startup, small business, medium-sized, or large enterprise?"
    },
    {
        "timestamp": "2025-05-13T11:07:36.780523",
        "user_message": "medium-sized",
        "bot_response": "Thanks for sharing! For a medium-sized education, focus on strong branding, a professional website, and targeted social ads. If you want more tailored tips, let me know more about your business goals!"
    },
    {
        "timestamp": "2025-05-13T11:07:36.833816",
        "user_message": "medium-sized",
        "bot_response": "Thanks for sharing! For a medium-sized education, focus on strong branding, a professional website, and targeted social ads. If you want more tailored tips, let me know more about your business goals!"
    },
    {
        "timestamp": "2025-05-13T11:07:50.530012",
        "user_message": "bye",
        "bot_response": "Take care! We're here whenever you need marketing support."
    },
    {
        "timestamp": "2025-05-13T11:07:50.577648",
        "user_message": "bye",
        "bot_response": "Take care! We're here whenever you need marketing support."
    },
    {
        "timestamp": "2025-05-13T11:11:18.562572",
        "user_message": "hi",
        "bot_response": "Hello! Whether you need strategy, design, or digital solutions, I'm here to help."
    },
    {
        "timestamp": "2025-05-13T11:11:18.579639",
        "user_message": "hi",
        "bot_response": "Hello! Whether you need strategy, design, or digital solutions, I'm here to help."
    },
    {
        "timestamp": "2025-05-13T11:11:32.661092",
        "user_message": "can i get some marketing tips",
        "bot_response": "Sure! To give you the best marketing tips, can you tell me what type of business you have? (e.g., education, restaurant, retail, etc.)"
    },
    {
        "timestamp": "2025-05-13T11:11:32.801531",
        "user_message": "can i get some marketing tips",
        "bot_response": "Sure! To give you the best marketing tips, can you tell me what type of business you have? (e.g., education, restaurant, retail, etc.)"
    },
    {
        "timestamp": "2025-05-13T11:11:39.964851",
        "user_message": "hotel",
        "bot_response": "Got it! Is your business a startup, small business, medium-sized, or large enterprise?"
    },
    {
        "timestamp": "2025-05-13T11:11:39.993976",
        "user_message": "hotel",
        "bot_response": "Got it! Is your business a startup, small business, medium-sized, or large enterprise?"
    },
    {
        "timestamp": "2025-05-13T11:11:48.444930",
        "user_message": "large scale",
        "bot_response": "Thanks for sharing! For a large scale hotel, focus on strong branding, a professional website, and targeted social ads. If you want more tailored tips, let me know more about your business goals!"
    },
    {
        "timestamp": "2025-05-13T11:11:48.493602",
        "user_message": "large scale",
        "bot_response": "Thanks for sharing! For a large scale hotel, focus on strong branding, a professional website, and targeted social ads. If you want more tailored tips, let me know more about your business goals!"
    },
    {
        "timestamp": "2025-05-13T11:12:21.336918",
        "user_message": "Airtel payment ka",
        "bot_response": "Our experts can guide you on everything from digital strategy to campaign execution."
    },
    {
        "timestamp": "2025-05-13T11:12:21.359449",
        "user_message": "Airtel payment ka",
        "bot_response": "Our experts can guide you on everything from digital strategy to campaign execution."
    },
    {
        "timestamp": "2025-05-13T11:46:35.665166",
        "user_message": "hi",
        "bot_response": "Hi there! Welcome to Methvin Marketing. How can we help your business grow today?"
    },
    {
        "timestamp": "2025-05-13T11:46:35.708676",
        "user_message": "hi",
        "bot_response": "Hi there! Welcome to Methvin Marketing. How can we help your business grow today?"
    },
    {
        "timestamp": "2025-05-13T11:46:41.541936",
        "user_message": "can i get some business tips",
        "bot_response": "Sure! To give you the best marketing tips, can you tell me what type of business you have? (e.g., education, restaurant, retail, etc.)"
    },
    {
        "timestamp": "2025-05-13T11:46:41.592956",
        "user_message": "can i get some business tips",
        "bot_response": "Sure! To give you the best marketing tips, can you tell me what type of business you have? (e.g., education, restaurant, retail, etc.)"
    },
    {
        "timestamp": "2025-05-13T11:46:46.854707",
        "user_message": "education",
        "bot_response": "Got it! Is your business a startup, small business, medium-sized, or large enterprise?"
    },
    {
        "timestamp": "2025-05-13T11:46:46.909532",
        "user_message": "education",
        "bot_response": "Got it! Is your business a startup, small business, medium-sized, or large enterprise?"
    },
    {
        "timestamp": "2025-05-13T11:46:49.821534",
        "user_message": "small",
        "bot_response": "Thanks for sharing! For a small education, focus on strong branding, a professional website, and targeted social ads. If you want more tailored tips, let me know more about your business goals!"
    },
    {
        "timestamp": "2025-05-13T11:46:49.872316",
        "user_message": "small",
        "bot_response": "Thanks for sharing! For a small education, focus on strong branding, a professional website, and targeted social ads. If you want more tailored tips, let me know more about your business goals!"
    },
    {
        "timestamp": "2025-05-13T11:46:52.508011",
        "user_message": "cool",
        "bot_response": "Not sure where to start? Book a strategy session with our experts."
    },
    {
        "timestamp": "2025-05-13T11:46:52.571218",
        "user_message": "cool",
        "bot_response": "Not sure where to start? Book a strategy session with our experts."
    },
    {
        "timestamp": "2025-05-13T11:47:07.857068",
        "user_message": "what else can you do",
        "bot_response": "Ask me anything about Methvin Marketing or marketing in general!"
    },
    {
        "timestamp": "2025-05-13T11:47:07.915148",
        "user_message": "what else can you do",
        "bot_response": "Ask me anything about Methvin Marketing or marketing in general!"
    },
    {
        "timestamp": "2025-05-13T11:47:14.856368",
        "user_message": "what is marketing",
        "bot_response": "A call to action (CTA) is a prompt that encourages users to take a specific action, like 'Contact Us' or 'Buy Now'."
    },
    {
        "timestamp": "2025-05-13T11:47:14.899488",
        "user_message": "what is marketing",
        "bot_response": "A call to action (CTA) is a prompt that encourages users to take a specific action, like 'Contact Us' or 'Buy Now'."
    },
    {
        "timestamp": "2025-05-13T11:47:19.927866",
        "user_message": "hi tehre",
        "bot_response": "Hi there! Welcome to Methvin Marketing. How can we help your business grow today?"
    },
    {
        "timestamp": "2025-05-13T11:47:20.013705",
        "user_message": "hi tehre",
        "bot_response": "Hi there! Welcome to Methvin Marketing. How can we help your business grow today?"
    },
    {
        "timestamp": "2025-05-13T11:47:28.742258",
        "user_message": "can i get emails",
        "bot_response": "See you soon! Keep growing your business."
    },
    {
        "timestamp": "2025-05-13T11:47:28.783719",
        "user_message": "can i get emails",
        "bot_response": "See you soon! Keep growing your business."
    },
    {
        "timestamp": "2025-05-13T11:47:34.522408",
        "user_message": "bye",
        "bot_response": "Goodbye! Wishing you success with your business."
    },
    {
        "timestamp": "2025-05-13T11:47:34.576409",
        "user_message": "bye",
        "bot_response": "Goodbye! Wishing you success with your business."
    },
    {
        "timestamp": "2025-05-13T11:47:44.993437",
        "user_message": "whats a business",
        "bot_response": "Not sure where to start? Book a strategy session with our experts."
    },
    {
        "timestamp": "2025-05-13T11:47:45.080291",
        "user_message": "whats a business",
        "bot_response": "Not sure where to start? Book a strategy session with our experts."
    },
    {
        "timestamp": "2025-05-13T11:47:56.808128",
        "user_message": "book a calender",
        "bot_response": "You can book a free consultation by sharing your contact details or visiting our website's contact page."
    },
    {
        "timestamp": "2025-05-13T11:47:56.890701",
        "user_message": "book a calender",
        "bot_response": "You can book a free consultation by sharing your contact details or visiting our website's contact page."
    },
    {
        "timestamp": "2025-05-13T11:49:04.662352",
        "user_message": "Tips for growing an e-commerce business",
        "bot_response": "Sure! To give you the best marketing tips, can you tell me what type of business you have? (e.g., education, restaurant, retail, etc.)"
    },
    {
        "timestamp": "2025-05-13T11:49:04.709696",
        "user_message": "Tips for growing an e-commerce business",
        "bot_response": "Sure! To give you the best marketing tips, can you tell me what type of business you have? (e.g., education, restaurant, retail, etc.)"
    },
    {
        "timestamp": "2025-05-13T11:49:13.337464",
        "user_message": "e commerce",
        "bot_response": "Got it! Is your business a startup, small business, medium-sized, or large enterprise?"
    },
    {
        "timestamp": "2025-05-13T11:49:13.413833",
        "user_message": "e commerce",
        "bot_response": "Got it! Is your business a startup, small business, medium-sized, or large enterprise?"
    },
    {
        "timestamp": "2025-05-13T11:49:17.610272",
        "user_message": "small",
        "bot_response": "Thanks for sharing! For a small e commerce, focus on strong branding, a professional website, and targeted social ads. If you want more tailored tips, let me know more about your business goals!"
    },
    {
        "timestamp": "2025-05-13T11:49:17.650083",
        "user_message": "small",
        "bot_response": "Thanks for sharing! For a small e commerce, focus on strong branding, a professional website, and targeted social ads. If you want more tailored tips, let me know more about your business goals!"
    },
    {
        "timestamp": "2025-05-13T11:49:58.216425",
        "user_message": "Can you redesign my website?",
        "bot_response": "We build websites that not only look great but also drive results and conversions."
    },
    {
        "timestamp": "2025-05-13T11:49:58.238425",
        "user_message": "Can you redesign my website?",
        "bot_response": "We build websites that not only look great but also drive results and conversions."
    },
    {
        "timestamp": "2025-05-13T12:07:34.655897",
        "user_message": "hello",
        "bot_response": "Welcome to Methvin Marketing! How can we help you achieve your business goals today?"
    },
    {
        "timestamp": "2025-05-13T12:07:34.669050",
        "user_message": "hello",
        "bot_response": "Welcome to Methvin Marketing! How can we help you achieve your business goals today?"
    },
    {
        "timestamp": "2025-05-13T12:07:37.633281",
        "user_message": "Can I schedule a consultation?",
        "bot_response": "To set up a consultation, please email disonmethvin.education@gmail.com with your preferred meeting time. We'll get back to you within 24 hours to confirm the appointment."
    },
    {
        "timestamp": "2025-05-13T12:07:37.674942",
        "user_message": "Can I schedule a consultation?",
        "bot_response": "To set up a consultation, please email disonmethvin.education@gmail.com with your preferred meeting time. We'll get back to you within 24 hours to confirm the appointment."
    },
    {
        "timestamp": "2025-05-13T12:07:48.109796",
        "user_message": "great",
        "bot_response": "Our consulting services are designed to give you clarity and direction in your marketing."
    },
    {
        "timestamp": "2025-05-13T12:07:48.175849",
        "user_message": "great",
        "bot_response": "Our consulting services are designed to give you clarity and direction in your marketing."
    },
    {
        "timestamp": "2025-05-13T12:08:48.342157",
        "user_message": "Hello",
        "bot_response": "Hello! How can Methvin Marketing assist you with your marketing goals?"
    },
    {
        "timestamp": "2025-05-13T12:08:48.388008",
        "user_message": "Hello",
        "bot_response": "Hello! How can Methvin Marketing assist you with your marketing goals?"
    },
    {
        "timestamp": "2025-05-13T12:08:52.364474",
        "user_message": "Can I schedule a consultation?",
        "bot_response": "I'd be happy to help you schedule a consultation! Please send your meeting request to disonmethvin.education@gmail.com. Include your preferred date and time, and we'll get back to you within 24 hours to confirm the appointment."
    },
    {
        "timestamp": "2025-05-13T12:08:52.643587",
        "user_message": "Can I schedule a consultation?",
        "bot_response": "I'd be happy to help you schedule a consultation! Please send your meeting request to disonmethvin.education@gmail.com. Include your preferred date and time, and we'll get back to you within 24 hours to confirm the appointment."
    },
    {
        "timestamp": "2025-05-13T12:09:01.509597",
        "user_message": "Thank you",
        "bot_response": "Thank you for reaching out to Methvin Marketing!"
    },
    {
        "timestamp": "2025-05-13T12:09:01.552909",
        "user_message": "Thank you",
        "bot_response": "Thank you for reaching out to Methvin Marketing!"
    },
    {
        "timestamp": "2025-05-13T12:11:21.478751",
        "user_message": "@#%$^",
        "bot_response": "We can audit your current efforts and help you build a roadmap for growth."
    },
    {
        "timestamp": "2025-05-13T12:11:21.507478",
        "user_message": "@#%$^",
        "bot_response": "We can audit your current efforts and help you build a roadmap for growth."
    },
    {
        "timestamp": "2025-05-13T12:11:26.063873",
        "user_message": "@#%$^",
        "bot_response": "We can audit your current efforts and help you build a roadmap for growth."
    },
    {
        "timestamp": "2025-05-13T12:11:26.100176",
        "user_message": "@#%$^",
        "bot_response": "We can audit your current efforts and help you build a roadmap for growth."
    },
    {
        "timestamp": "2025-05-13T12:11:28.208432",
        "user_message": "@#%$^",
        "bot_response": "Our consulting services are designed to give you clarity and direction in your marketing."
    },
    {
        "timestamp": "2025-05-13T12:11:28.226144",
        "user_message": "@#%$^",
        "bot_response": "Our consulting services are designed to give you clarity and direction in your marketing."
    },
    {
        "timestamp": "2025-05-13T12:11:30.303462",
        "user_message": "@#%$^",
        "bot_response": "Not sure where to start? Book a strategy session with our experts."
    },
    {
        "timestamp": "2025-05-13T12:11:30.355110",
        "user_message": "@#%$^",
        "bot_response": "Not sure where to start? Book a strategy session with our experts."
    },
    {
        "timestamp": "2025-05-13T12:11:39.493070",
        "user_message": "hi",
        "bot_response": "Hello! Whether you need strategy, design, or digital solutions, I'm here to help."
    },
    {
        "timestamp": "2025-05-13T12:11:39.523444",
        "user_message": "hi",
        "bot_response": "Hello! Whether you need strategy, design, or digital solutions, I'm here to help."
    },
    {
        "timestamp": "2025-05-13T12:11:46.097308",
        "user_message": "what can you do",
        "bot_response": "I'm always here to help\u201424/7!"
    },
    {
        "timestamp": "2025-05-13T12:11:46.149413",
        "user_message": "what can you do",
        "bot_response": "I'm always here to help\u201424/7!"
    },
    {
        "timestamp": "2025-05-13T12:16:09.267130",
        "user_message": "hello",
        "bot_response": "Welcome to Methvin Marketing! How can we help you achieve your business goals today?"
    },
    {
        "timestamp": "2025-05-13T12:16:09.285150",
        "user_message": "hello",
        "bot_response": "Welcome to Methvin Marketing! How can we help you achieve your business goals today?"
    },
    {
        "timestamp": "2025-05-13T12:18:05.766166",
        "user_message": "hello",
        "bot_response": "Hello! How can Methvin Marketing assist you with your marketing goals?"
    },
    {
        "timestamp": "2025-05-13T12:18:06.263175",
        "user_message": "hello",
        "bot_response": "Hello! How can Methvin Marketing assist you with your marketing goals?"
    },
    {
        "timestamp": "2025-05-13T12:50:20.510373",
        "user_message": "hi there how can you help me actually",
        "bot_response": "From logo design to brand messaging, we ensure your brand stands out and connects with your audience."
    },
    {
        "timestamp": "2025-05-13T12:50:20.530300",
        "user_message": "hi there how can you help me actually",
        "bot_response": "From logo design to brand messaging, we ensure your brand stands out and connects with your audience."
    },
    {
        "timestamp": "2025-05-13T12:50:32.033259",
        "user_message": "can I schedule a consultation",
        "bot_response": "I'd be happy to help you schedule a consultation! Please send your meeting request to disonmethvin.education@gmail.com. Include your preferred date and time, and we'll get back to you within 24 hours to confirm the appointment."
    },
    {
        "timestamp": "2025-05-13T12:50:32.051213",
        "user_message": "can I schedule a consultation",
        "bot_response": "I'd be happy to help you schedule a consultation! Please send your meeting request to disonmethvin.education@gmail.com. Include your preferred date and time, and we'll get back to you within 24 hours to confirm the appointment."
    },
    {
        "timestamp": "2025-05-13T12:50:51.566286",
        "user_message": "thank you so much bye",
        "bot_response": "Glad I could assist. Let us know if you have more questions."
    },
    {
        "timestamp": "2025-05-13T12:50:51.583621",
        "user_message": "thank you so much bye",
        "bot_response": "Glad I could assist. Let us know if you have more questions."
    },
    {
        "timestamp": "2025-05-16T11:06:20.795238",
        "user_message": "hello",
        "bot_response": "Hello! Whether you need strategy, design, or digital solutions, I'm here to help."
    },
    {
        "timestamp": "2025-05-16T11:06:20.808309",
        "user_message": "hello",
        "bot_response": "Hello! Whether you need strategy, design, or digital solutions, I'm here to help."
    },
    {
        "timestamp": "2025-05-16T11:06:25.831118",
        "user_message": "what can you do",
        "bot_response": "I'm a digital assistant, but I love talking about marketing."
    },
    {
        "timestamp": "2025-05-16T11:06:25.845464",
        "user_message": "what can you do",
        "bot_response": "I'm a digital assistant, but I love talking about marketing."
    },
    {
        "timestamp": "2025-05-16T11:06:38.019244",
        "user_message": "can i get some marketing tips",
        "bot_response": "Sure! To give you the best marketing tips, can you tell me what type of business you have? (e.g., education, restaurant, retail, etc.)"
    },
    {
        "timestamp": "2025-05-16T11:06:38.036619",
        "user_message": "can i get some marketing tips",
        "bot_response": "Sure! To give you the best marketing tips, can you tell me what type of business you have? (e.g., education, restaurant, retail, etc.)"
    },
    {
        "timestamp": "2025-05-16T11:06:42.394302",
        "user_message": "hotel",
        "bot_response": "Got it! Is your business a startup, small business, medium-sized, or large enterprise?"
    },
    {
        "timestamp": "2025-05-16T11:06:42.412061",
        "user_message": "hotel",
        "bot_response": "Got it! Is your business a startup, small business, medium-sized, or large enterprise?"
    },
    {
        "timestamp": "2025-05-16T11:06:48.224687",
        "user_message": "small scale",
        "bot_response": "Thanks for sharing! For a small scale hotel, focus on strong branding, a professional website, and targeted social ads. If you want more tailored tips, let me know more about your business goals!"
    },
    {
        "timestamp": "2025-05-16T11:06:48.237576",
        "user_message": "small scale",
        "bot_response": "Thanks for sharing! For a small scale hotel, focus on strong branding, a professional website, and targeted social ads. If you want more tailored tips, let me know more about your business goals!"
    },
    {
        "timestamp": "2025-05-16T11:07:10.676526",
        "user_message": "can i schedule a calendar  event",
        "bot_response": "You can book a consultation by sending an email to disonmethvin.education@gmail.com. Just let us know when you'd like to meet, and we'll confirm the details with you."
    },
    {
        "timestamp": "2025-05-16T11:07:10.688657",
        "user_message": "can i schedule a calendar  event",
        "bot_response": "You can book a consultation by sending an email to disonmethvin.education@gmail.com. Just let us know when you'd like to meet, and we'll confirm the details with you."
    },
    {
        "timestamp": "2025-05-16T11:07:17.672528",
        "user_message": "great",
        "bot_response": "We can audit your current efforts and help you build a roadmap for growth."
    },
    {
        "timestamp": "2025-05-16T11:07:17.683947",
        "user_message": "great",
        "bot_response": "We can audit your current efforts and help you build a roadmap for growth."
    },
    {
        "timestamp": "2025-05-16T11:07:23.057715",
        "user_message": "thank you",
        "bot_response": "Thank you for reaching out to Methvin Marketing!"
    },
    {
        "timestamp": "2025-05-16T11:07:23.072351",
        "user_message": "thank you",
        "bot_response": "Thank you for reaching out to Methvin Marketing!"
    },
    {
        "timestamp": "2025-05-16T22:46:35.407928",
        "user_message": "Why isn't my website getting traffic?",
        "bot_response": "There could be several reasons. Let's start by reviewing your website, ad campaigns, and target audience. Would you like a free audit?"
    },
    {
        "timestamp": "2025-05-16T22:46:35.426546",
        "user_message": "Why isn't my website getting traffic?",
        "bot_response": "There could be several reasons. Let's start by reviewing your website, ad campaigns, and target audience. Would you like a free audit?"
    },
    {
        "timestamp": "2025-05-16T22:48:34.428952",
        "user_message": "Why isn't my website getting traffic?",
        "bot_response": "There could be several reasons. Let's start by reviewing your website, ad campaigns, and target audience. Would you like a free audit?"
    },
    {
        "timestamp": "2025-05-16T22:48:34.448288",
        "user_message": "Why isn't my website getting traffic?",
        "bot_response": "There could be several reasons. Let's start by reviewing your website, ad campaigns, and target audience. Would you like a free audit?"
    },
    {
        "timestamp": "2025-05-16T22:48:44.506655",
        "user_message": "Why isn't my website getting traffic?",
        "bot_response": "Let's troubleshoot together! Can you share more about your current marketing efforts? For example, are you running ads, using SEO, or focusing on social media?"
    },
    {
        "timestamp": "2025-05-16T22:48:44.524257",
        "user_message": "Why isn't my website getting traffic?",
        "bot_response": "Let's troubleshoot together! Can you share more about your current marketing efforts? For example, are you running ads, using SEO, or focusing on social media?"
    },
    {
        "timestamp": "2025-05-16T22:48:56.673386",
        "user_message": "Why isn't my website getting traffic?",
        "bot_response": "If you're not seeing results, it might be time for a fresh strategy. We can help!"
    },
    {
        "timestamp": "2025-05-16T22:48:56.690713",
        "user_message": "Why isn't my website getting traffic?",
        "bot_response": "If you're not seeing results, it might be time for a fresh strategy. We can help!"
    },
    {
        "timestamp": "2025-05-16T22:49:30.426882",
        "user_message": "What is marketing?",
        "bot_response": "Digital marketing includes all online strategies to promote your business, like SEO, social media, email marketing, and paid ads."
    },
    {
        "timestamp": "2025-05-16T22:49:30.445490",
        "user_message": "What is marketing?",
        "bot_response": "Digital marketing includes all online strategies to promote your business, like SEO, social media, email marketing, and paid ads."
    },
    {
        "timestamp": "2025-05-16T22:49:36.953697",
        "user_message": "What is marketing?",
        "bot_response": "Marketing is the process of promoting and selling products or services, including market research and advertising."
    },
    {
        "timestamp": "2025-05-16T22:49:36.970659",
        "user_message": "What is marketing?",
        "bot_response": "Marketing is the process of promoting and selling products or services, including market research and advertising."
    },
    {
        "timestamp": "2025-05-17T10:49:37.719934",
        "user_message": "hi",
        "bot_response": "Hello! Whether you need strategy, design, or digital solutions, I'm here to help."
    },
    {
        "timestamp": "2025-05-17T10:49:37.757227",
        "user_message": "hi",
        "bot_response": "Hello! Whether you need strategy, design, or digital solutions, I'm here to help."
    },
    {
        "timestamp": "2025-05-17T10:49:56.931799",
        "user_message": "hello",
        "bot_response": "Hi! Ready to take your marketing to the next level? Ask me anything."
    },
    {
        "timestamp": "2025-05-17T10:49:56.963433",
        "user_message": "hello",
        "bot_response": "Hi! Ready to take your marketing to the next level? Ask me anything."
    },
    {
        "timestamp": "2025-05-18T08:51:17.149354",
        "user_message": "hi",
        "bot_response": "Welcome to Methvin Marketing! How can we help you achieve your business goals today?"
    },
    {
        "timestamp": "2025-05-18T08:51:17.194112",
        "user_message": "hi",
        "bot_response": "Welcome to Methvin Marketing! How can we help you achieve your business goals today?"
    },
    {
        "timestamp": "2025-05-18T08:51:24.558983",
        "user_message": "what can you do?",
        "bot_response": "Ask me anything about Methvin Marketing or marketing in general!"
    },
    {
        "timestamp": "2025-05-18T08:51:24.617758",
        "user_message": "what can you do?",
        "bot_response": "Ask me anything about Methvin Marketing or marketing in general!"
    },
    {
        "timestamp": "2025-05-18T08:52:26.162119",
        "user_message": "what's marketing",
        "bot_response": "Our consulting services are designed to give you clarity and direction in your marketing."
    },
    {
        "timestamp": "2025-05-18T08:52:26.343816",
        "user_message": "what's marketing",
        "bot_response": "Our consulting services are designed to give you clarity and direction in your marketing."
    },
    {
        "timestamp": "2025-05-18T08:53:55.896339",
        "user_message": "nigger",
        "bot_response": "Our experts can guide you on everything from digital strategy to campaign execution."
    },
    {
        "timestamp": "2025-05-18T08:53:55.959733",
        "user_message": "nigger",
        "bot_response": "Our experts can guide you on everything from digital strategy to campaign execution."
    },
    {
        "timestamp": "2025-05-18T08:57:28.514607",
        "user_message": "can i get somemarketing tips?",
        "bot_response": "Sure! To give you the best marketing tips, can you tell me what type of business you have? (e.g., education, restaurant, retail, etc.)"
    },
    {
        "timestamp": "2025-05-18T08:57:28.701755",
        "user_message": "can i get somemarketing tips?",
        "bot_response": "Sure! To give you the best marketing tips, can you tell me what type of business you have? (e.g., education, restaurant, retail, etc.)"
    },
    {
        "timestamp": "2025-05-18T08:57:42.976681",
        "user_message": "Hotel",
        "bot_response": "Got it! Is your business a startup, small business, medium-sized, or large enterprise?"
    },
    {
        "timestamp": "2025-05-18T08:57:43.153725",
        "user_message": "Hotel",
        "bot_response": "Got it! Is your business a startup, small business, medium-sized, or large enterprise?"
    },
    {
        "timestamp": "2025-05-18T08:57:55.362120",
        "user_message": "medium sized",
        "bot_response": "Thanks for sharing! For a medium sized Hotel, focus on strong branding, a professional website, and targeted social ads. If you want more tailored tips, let me know more about your business goals!"
    },
    {
        "timestamp": "2025-05-18T08:57:55.429607",
        "user_message": "medium sized",
        "bot_response": "Thanks for sharing! For a medium sized Hotel, focus on strong branding, a professional website, and targeted social ads. If you want more tailored tips, let me know more about your business goals!"
    },
    {
        "timestamp": "2025-05-18T08:58:09.133368",
        "user_message": "can i schedule a meeting",
        "bot_response": "To schedule a consultation, please email us at disonmethvin.education@gmail.com with your preferred meeting time. Our team will respond within 24 hours to confirm your appointment."
    },
    {
        "timestamp": "2025-05-18T08:58:09.152678",
        "user_message": "can i schedule a meeting",
        "bot_response": "To schedule a consultation, please email us at disonmethvin.education@gmail.com with your preferred meeting time. Our team will respond within 24 hours to confirm your appointment."
    },
    {
        "timestamp": "2025-05-18T09:00:13.492138",
        "user_message": "Do you do social media marketing?",
        "bot_response": "From content creation to community management, we help you build a loyal following."
    },
    {
        "timestamp": "2025-05-18T09:00:13.509103",
        "user_message": "Do you do social media marketing?",
        "bot_response": "From content creation to community management, we help you build a loyal following."
    },
    {
        "timestamp": "2025-05-18T09:07:45.417601",
        "user_message": "What is marketing?",
        "bot_response": "A call to action (CTA) is a prompt that encourages users to take a specific action, like 'Contact Us' or 'Buy Now'."
    },
    {
        "timestamp": "2025-05-18T09:07:45.471918",
        "user_message": "What is marketing?",
        "bot_response": "A call to action (CTA) is a prompt that encourages users to take a specific action, like 'Contact Us' or 'Buy Now'."
    },
    {
        "timestamp": "2025-05-18T09:09:18.811655",
        "user_message": "hello",
        "bot_response": "Hello! Whether you need strategy, design, or digital solutions, I'm here to help."
    },
    {
        "timestamp": "2025-05-18T09:09:18.866680",
        "user_message": "hello",
        "bot_response": "Hello! Whether you need strategy, design, or digital solutions, I'm here to help."
    },
    {
        "timestamp": "2025-05-18T09:09:28.583169",
        "user_message": "what can you do",
        "bot_response": "Ask me anything about Methvin Marketing or marketing in general!"
    },
    {
        "timestamp": "2025-05-18T09:09:28.638201",
        "user_message": "what can you do",
        "bot_response": "Ask me anything about Methvin Marketing or marketing in general!"
    },
    {
        "timestamp": "2025-05-18T09:09:42.723170",
        "user_message": "can i get some marketing tips?",
        "bot_response": "Sure! To give you the best marketing tips, can you tell me what type of business you have? (e.g., education, restaurant, retail, etc.)"
    },
    {
        "timestamp": "2025-05-18T09:09:42.749042",
        "user_message": "can i get some marketing tips?",
        "bot_response": "Sure! To give you the best marketing tips, can you tell me what type of business you have? (e.g., education, restaurant, retail, etc.)"
    },
    {
        "timestamp": "2025-05-18T09:09:52.271037",
        "user_message": "hotel",
        "bot_response": "Got it! Is your business a startup, small business, medium-sized, or large enterprise?"
    },
    {
        "timestamp": "2025-05-18T09:09:52.319245",
        "user_message": "hotel",
        "bot_response": "Got it! Is your business a startup, small business, medium-sized, or large enterprise?"
    },
    {
        "timestamp": "2025-05-18T09:10:07.558090",
        "user_message": "medium sized",
        "bot_response": "Thanks for sharing! For a medium sized hotel, focus on strong branding, a professional website, and targeted social ads. If you want more tailored tips, let me know more about your business goals!"
    },
    {
        "timestamp": "2025-05-18T09:10:07.613578",
        "user_message": "medium sized",
        "bot_response": "Thanks for sharing! For a medium sized hotel, focus on strong branding, a professional website, and targeted social ads. If you want more tailored tips, let me know more about your business goals!"
    },
    {
        "timestamp": "2025-05-18T09:10:26.630251",
        "user_message": "can i schedule a meeting",
        "bot_response": "To schedule a consultation, please email us at disonmethvin.education@gmail.com with your preferred meeting time. Our team will respond within 24 hours to confirm your appointment."
    },
    {
        "timestamp": "2025-05-18T09:10:26.677461",
        "user_message": "can i schedule a meeting",
        "bot_response": "To schedule a consultation, please email us at disonmethvin.education@gmail.com with your preferred meeting time. Our team will respond within 24 hours to confirm your appointment."
    },
    {
        "timestamp": "2025-05-18T09:10:43.057030",
        "user_message": "do you do scoical media maarketing",
        "bot_response": "Our services include website development, search engine optimization, brand identity, social media marketing, paid ads, and more."
    },
    {
        "timestamp": "2025-05-18T09:10:43.082800",
        "user_message": "do you do scoical media maarketing",
        "bot_response": "Our services include website development, search engine optimization, brand identity, social media marketing, paid ads, and more."
    },
    {
        "timestamp": "2025-05-18T09:17:42.595519",
        "user_message": "thank you",
        "bot_response": "Thank you for reaching out to Methvin Marketing!"
    },
    {
        "timestamp": "2025-05-18T09:17:42.665479",
        "user_message": "thank you",
        "bot_response": "Thank you for reaching out to Methvin Marketing!"
    },
    {
        "timestamp": "2025-05-18T09:17:45.114882",
        "user_message": "hwkhefdw",
        "bot_response": "Our consulting services are designed to give you clarity and direction in your marketing."
    },
    {
        "timestamp": "2025-05-18T09:17:45.140825",
        "user_message": "hwkhefdw",
        "bot_response": "Our consulting services are designed to give you clarity and direction in your marketing."
    },
    {
        "timestamp": "2025-05-18T09:17:46.490198",
        "user_message": "fsdfs",
        "bot_response": "Not sure where to start? Book a strategy session with our experts."
    },
    {
        "timestamp": "2025-05-18T09:17:46.528765",
        "user_message": "fsdfs",
        "bot_response": "Not sure where to start? Book a strategy session with our experts."
    },
    {
        "timestamp": "2025-05-18T09:23:30.106734",
        "user_message": "good morning",
        "bot_response": "Hi! Ready to take your marketing to the next level? Ask me anything."
    },
    {
        "timestamp": "2025-05-18T09:23:30.139610",
        "user_message": "good morning",
        "bot_response": "Hi! Ready to take your marketing to the next level? Ask me anything."
    },
    {
        "timestamp": "2025-05-18T09:47:22.036085",
        "user_message": "what is SEO in marketing",
        "bot_response": "The principles of marketing include product, price, place, and promotion (the 4 Ps)."
    },
    {
        "timestamp": "2025-05-18T09:47:22.068164",
        "user_message": "what is SEO in marketing",
        "bot_response": "The principles of marketing include product, price, place, and promotion (the 4 Ps)."
    },
    {
        "timestamp": "2025-05-18T09:47:37.730358",
        "user_message": "what is marketing?",
        "bot_response": "A marketing funnel describes the journey a customer takes from awareness to purchase."
    },
    {
        "timestamp": "2025-05-18T09:47:37.780945",
        "user_message": "what is marketing?",
        "bot_response": "A marketing funnel describes the journey a customer takes from awareness to purchase."
    },
    {
        "timestamp": "2025-05-18T09:47:43.693374",
        "user_message": "what is marketing",
        "bot_response": "A call to action (CTA) is a prompt that encourages users to take a specific action, like 'Contact Us' or 'Buy Now'."
    },
    {
        "timestamp": "2025-05-18T09:47:43.781980",
        "user_message": "what is marketing",
        "bot_response": "A call to action (CTA) is a prompt that encourages users to take a specific action, like 'Contact Us' or 'Buy Now'."
    },
    {
        "timestamp": "2025-05-18T09:54:48.652766",
        "user_message": "what is marketing/",
        "bot_response": "Marketing is all about connecting with your audience and delivering value."
    },
    {
        "timestamp": "2025-05-18T09:54:48.681013",
        "user_message": "what is marketing/",
        "bot_response": "Marketing is all about connecting with your audience and delivering value."
    },
    {
        "timestamp": "2025-05-18T09:56:54.575267",
        "user_message": "can i get some marketing tips",
        "bot_response": "Sure! To give you the best marketing tips, can you tell me what type of business you have? (e.g., education, restaurant, retail, etc.)"
    },
    {
        "timestamp": "2025-05-18T09:56:54.590727",
        "user_message": "can i get some marketing tips",
        "bot_response": "Sure! To give you the best marketing tips, can you tell me what type of business you have? (e.g., education, restaurant, retail, etc.)"
    },
    {
        "timestamp": "2025-05-18T09:57:00.828730",
        "user_message": "sports club",
        "bot_response": "Got it! Is your business a startup, small business, medium-sized, or large enterprise?"
    },
    {
        "timestamp": "2025-05-18T09:57:00.846035",
        "user_message": "sports club",
        "bot_response": "Got it! Is your business a startup, small business, medium-sized, or large enterprise?"
    },
    {
        "timestamp": "2025-05-18T09:57:04.891656",
        "user_message": "large scale",
        "bot_response": "Thanks for sharing! For a large scale sports club, focus on strong branding, a professional website, and targeted social ads. If you want more tailored tips, let me know more about your business goals!"
    },
    {
        "timestamp": "2025-05-18T09:57:04.910899",
        "user_message": "large scale",
        "bot_response": "Thanks for sharing! For a large scale sports club, focus on strong branding, a professional website, and targeted social ads. If you want more tailored tips, let me know more about your business goals!"
    },
    {
        "timestamp": "2025-05-18T09:57:19.031299",
        "user_message": "can i schedule a meeeting?",
        "bot_response": "To set up a consultation, please email disonmethvin.education@gmail.com with your preferred meeting time. We'll get back to you within 24 hours to confirm the appointment."
    },
    {
        "timestamp": "2025-05-18T09:57:19.054293",
        "user_message": "can i schedule a meeeting?",
        "bot_response": "To set up a consultation, please email disonmethvin.education@gmail.com with your preferred meeting time. We'll get back to you within 24 hours to confirm the appointment."
    },
    {
        "timestamp": "2025-05-18T09:57:41.483392",
        "user_message": "do you do social media marketing?",
        "bot_response": "We offer social media marketing services to grow your brand and engage your audience on platforms like Facebook, Instagram, and LinkedIn."
    },
    {
        "timestamp": "2025-05-18T09:57:41.501634",
        "user_message": "do you do social media marketing?",
        "bot_response": "We offer social media marketing services to grow your brand and engage your audience on platforms like Facebook, Instagram, and LinkedIn."
    },
    {
        "timestamp": "2025-05-18T10:19:14.857531",
        "user_message": "hi",
        "bot_response": "Hello! Whether you need strategy, design, or digital solutions, I'm here to help."
    },
    {
        "timestamp": "2025-05-18T10:19:14.896804",
        "user_message": "hi",
        "bot_response": "Hello! Whether you need strategy, design, or digital solutions, I'm here to help."
    },
    {
        "timestamp": "2025-05-18T10:31:38.425999",
        "user_message": "hi",
        "bot_response": "Hi there! Welcome to Methvin Marketing. How can we help your business grow today?"
    },
    {
        "timestamp": "2025-05-18T10:31:38.479756",
        "user_message": "hi",
        "bot_response": "Hi there! Welcome to Methvin Marketing. How can we help your business grow today?"
    },
    {
        "timestamp": "2025-05-18T10:31:52.685180",
        "user_message": "what can you do?",
        "bot_response": "I'm a chatbot built to help your business grow!"
    },
    {
        "timestamp": "2025-05-18T10:31:52.773528",
        "user_message": "what can you do?",
        "bot_response": "I'm a chatbot built to help your business grow!"
    },
    {
        "timestamp": "2025-05-18T10:32:10.141702",
        "user_message": "can i get some marketing tips?",
        "bot_response": "Sure! To give you the best marketing tips, can you tell me what type of business you have? (e.g., education, restaurant, retail, etc.)"
    },
    {
        "timestamp": "2025-05-18T10:32:10.294436",
        "user_message": "can i get some marketing tips?",
        "bot_response": "Sure! To give you the best marketing tips, can you tell me what type of business you have? (e.g., education, restaurant, retail, etc.)"
    },
    {
        "timestamp": "2025-05-18T10:32:26.124718",
        "user_message": "Hotel",
        "bot_response": "Got it! Is your business a startup, small business, medium-sized, or large enterprise?"
    },
    {
        "timestamp": "2025-05-18T10:32:26.218126",
        "user_message": "Hotel",
        "bot_response": "Got it! Is your business a startup, small business, medium-sized, or large enterprise?"
    },
    {
        "timestamp": "2025-05-18T10:32:45.234197",
        "user_message": "small business",
        "bot_response": "Thanks for sharing! For a small business Hotel, focus on strong branding, a professional website, and targeted social ads. If you want more tailored tips, let me know more about your business goals!"
    },
    {
        "timestamp": "2025-05-18T10:32:45.308845",
        "user_message": "small business",
        "bot_response": "Thanks for sharing! For a small business Hotel, focus on strong branding, a professional website, and targeted social ads. If you want more tailored tips, let me know more about your business goals!"
    },
    {
        "timestamp": "2025-05-18T10:33:08.237381",
        "user_message": "can i schedule a meeting",
        "bot_response": "I'd be happy to help you schedule a consultation! Please send your meeting request to disonmethvin.education@gmail.com. Include your preferred date and time, and we'll get back to you within 24 hours to confirm the appointment."
    },
    {
        "timestamp": "2025-05-18T10:33:08.352645",
        "user_message": "can i schedule a meeting",
        "bot_response": "I'd be happy to help you schedule a consultation! Please send your meeting request to disonmethvin.education@gmail.com. Include your preferred date and time, and we'll get back to you within 24 hours to confirm the appointment."
    },
    {
        "timestamp": "2025-05-18T10:33:45.756435",
        "user_message": "what is marketing?",
        "bot_response": "Marketing is the process of promoting and selling products or services, including market research and advertising."
    },
    {
        "timestamp": "2025-05-18T10:33:45.802698",
        "user_message": "what is marketing?",
        "bot_response": "Marketing is the process of promoting and selling products or services, including market research and advertising."
    },
    {
        "timestamp": "2025-05-18T10:34:16.204765",
        "user_message": "rhjbfdfh",
        "bot_response": "Sorry, I couldn't perform a Google search at the moment."
    },
    {
        "timestamp": "2025-05-18T10:34:16.268059",
        "user_message": "rhjbfdfh",
        "bot_response": "Sorry, I couldn't perform a Google search at the moment."
    },
    {
        "timestamp": "2025-05-18T10:34:23.586199",
        "user_message": "dsgsg",
        "bot_response": "Sorry, I couldn't perform a Google search at the moment."
    },
    {
        "timestamp": "2025-05-18T10:34:23.657110",
        "user_message": "dsgsg",
        "bot_response": "Sorry, I couldn't perform a Google search at the moment."
    },
    {
        "timestamp": "2025-05-18T10:34:27.649903",
        "user_message": "35fse",
        "bot_response": "Sorry, I couldn't perform a Google search at the moment."
    },
    {
        "timestamp": "2025-05-18T10:34:27.712610",
        "user_message": "35fse",
        "bot_response": "Sorry, I couldn't perform a Google search at the moment."
    },
    {
        "timestamp": "2025-05-18T10:34:41.719981",
        "user_message": "thank you",
        "bot_response": "Happy to help! Let us know if you need anything else."
    },
    {
        "timestamp": "2025-05-18T10:34:41.786196",
        "user_message": "thank you",
        "bot_response": "Happy to help! Let us know if you need anything else."
    },
    {
        "timestamp": "2025-05-18T10:52:37.154872",
        "user_message": "hi",
        "bot_response": "Hi there! Welcome to Methvin Marketing. How can we help your business grow today?"
    },
    {
        "timestamp": "2025-05-18T10:52:37.194395",
        "user_message": "hi",
        "bot_response": "Hi there! Welcome to Methvin Marketing. How can we help your business grow today?"
    },
    {
        "timestamp": "2025-05-18T10:52:53.041298",
        "user_message": "do you do social media marketing?",
        "bot_response": "Want to run a social media contest or campaign? We can help with that too!"
    },
    {
        "timestamp": "2025-05-18T10:52:53.084604",
        "user_message": "do you do social media marketing?",
        "bot_response": "Want to run a social media contest or campaign? We can help with that too!"
    },
    {
        "timestamp": "2025-05-18T10:53:06.558077",
        "user_message": "what esle can you do?",
        "bot_response": "Ask me anything about Methvin Marketing or marketing in general!"
    },
    {
        "timestamp": "2025-05-18T10:53:06.609773",
        "user_message": "what esle can you do?",
        "bot_response": "Ask me anything about Methvin Marketing or marketing in general!"
    },
    {
        "timestamp": "2025-05-18T10:53:19.145665",
        "user_message": "what is SEO?",
        "bot_response": "SEO (Search Engine Optimization) is about improving your website's visibility in search engines. We offer audits, keyword research, on-page and off-page optimization, and more."
    },
    {
        "timestamp": "2025-05-18T10:53:19.212017",
        "user_message": "what is SEO?",
        "bot_response": "SEO (Search Engine Optimization) is about improving your website's visibility in search engines. We offer audits, keyword research, on-page and off-page optimization, and more."
    },
    {
        "timestamp": "2025-05-18T11:01:37.192716",
        "user_message": "what services do you offer?",
        "bot_response": "We tailor our services to your business needs\u2014let us know your goals and we'll recommend the best solutions."
    },
    {
        "timestamp": "2025-05-18T11:01:37.250262",
        "user_message": "what services do you offer?",
        "bot_response": "We tailor our services to your business needs\u2014let us know your goals and we'll recommend the best solutions."
    },
    {
        "timestamp": "2025-05-18T11:01:48.050957",
        "user_message": "what can you do?",
        "bot_response": "I'm an AI assistant designed to provide marketing guidance and answer your questions about Methvin Marketing services."
    },
    {
        "timestamp": "2025-05-18T11:01:48.108357",
        "user_message": "what can you do?",
        "bot_response": "I'm an AI assistant designed to provide marketing guidance and answer your questions about Methvin Marketing services."
    },
    {
        "timestamp": "2025-05-18T11:02:29.731490",
        "user_message": "can you build websites",
        "bot_response": "Our web design process is collaborative and focused on your brand's unique story."
    },
    {
        "timestamp": "2025-05-18T11:02:29.809300",
        "user_message": "can you build websites",
        "bot_response": "Our web design process is collaborative and focused on your brand's unique story."
    },
    {
        "timestamp": "2025-05-18T11:36:11.816668",
        "user_message": "what is marketing?",
        "bot_response": "A good marketing plan starts with understanding your target customer and setting clear goals."
    },
    {
        "timestamp": "2025-05-18T11:36:11.847919",
        "user_message": "what is marketing?",
        "bot_response": "A good marketing plan starts with understanding your target customer and setting clear goals."
    },
    {
        "timestamp": "2025-05-18T11:53:14.655775",
        "user_message": "hello",
        "bot_response": "Hi! Ready to take your marketing to the next level? Ask me anything."
    },
    {
        "timestamp": "2025-05-18T11:53:14.714740",
        "user_message": "hello",
        "bot_response": "Hi! Ready to take your marketing to the next level? Ask me anything."
    },
    {
        "timestamp": "2025-05-18T12:05:28.863848",
        "user_message": "hi",
        "bot_response": "Hi! Ready to take your marketing to the next level? Ask me anything."
    },
    {
        "timestamp": "2025-05-18T12:05:28.931552",
        "user_message": "hi",
        "bot_response": "Hi! Ready to take your marketing to the next level? Ask me anything."
    },
    {
        "timestamp": "2025-05-18T12:21:23.052708",
        "user_message": "Hi",
        "bot_response": "Hi there! Welcome to Methvin Marketing. How can we help your business grow today?"
    },
    {
        "timestamp": "2025-05-18T12:21:23.119731",
        "user_message": "Hi",
        "bot_response": "Hi there! Welcome to Methvin Marketing. How can we help your business grow today?"
    },
    {
        "timestamp": "2025-05-18T12:21:25.956759",
        "user_message": "hello",
        "bot_response": "Hi! Ready to take your marketing to the next level? Ask me anything."
    },
    {
        "timestamp": "2025-05-18T12:21:26.002211",
        "user_message": "hello",
        "bot_response": "Hi! Ready to take your marketing to the next level? Ask me anything."
    },
    {
        "timestamp": "2025-05-18T12:21:43.321570",
        "user_message": "what can you do?",
        "bot_response": "I'm a digital assistant, but I love talking about marketing."
    },
    {
        "timestamp": "2025-05-18T12:21:43.365869",
        "user_message": "what can you do?",
        "bot_response": "I'm a digital assistant, but I love talking about marketing."
    },
    {
        "timestamp": "2025-05-18T12:21:50.310713",
        "user_message": "what else can you do?",
        "bot_response": "I'm always here to help\u201424/7!"
    },
    {
        "timestamp": "2025-05-18T12:21:50.352740",
        "user_message": "what else can you do?",
        "bot_response": "I'm always here to help\u201424/7!"
    },
    {
        "timestamp": "2025-05-18T12:22:09.363789",
        "user_message": "can i get some marketing tips",
        "bot_response": "Sure! To give you the best marketing tips, can you tell me what type of business you have? (e.g., education, restaurant, retail, etc.)"
    },
    {
        "timestamp": "2025-05-18T12:22:09.428185",
        "user_message": "can i get some marketing tips",
        "bot_response": "Sure! To give you the best marketing tips, can you tell me what type of business you have? (e.g., education, restaurant, retail, etc.)"
    },
    {
        "timestamp": "2025-05-18T12:22:26.992922",
        "user_message": "academy",
        "bot_response": "Got it! Is your business a startup, small business, medium-sized, or large enterprise?"
    },
    {
        "timestamp": "2025-05-18T12:22:27.033475",
        "user_message": "academy",
        "bot_response": "Got it! Is your business a startup, small business, medium-sized, or large enterprise?"
    },
    {
        "timestamp": "2025-05-18T12:22:37.887130",
        "user_message": "small scale",
        "bot_response": "Thanks for sharing! For a small scale academy, focus on strong branding, a professional website, and targeted social ads. If you want more tailored tips, let me know more about your business goals!"
    },
    {
        "timestamp": "2025-05-18T12:22:37.932510",
        "user_message": "small scale",
        "bot_response": "Thanks for sharing! For a small scale academy, focus on strong branding, a professional website, and targeted social ads. If you want more tailored tips, let me know more about your business goals!"
    },
    {
        "timestamp": "2025-05-18T12:23:02.333773",
        "user_message": "what is marketing?",
        "bot_response": "A good marketing plan starts with understanding your target customer and setting clear goals."
    },
    {
        "timestamp": "2025-05-18T12:23:02.376538",
        "user_message": "what is marketing?",
        "bot_response": "A good marketing plan starts with understanding your target customer and setting clear goals."
    },
    {
        "timestamp": "2025-05-18T12:23:32.095447",
        "user_message": "ui3yeiu37",
        "bot_response": "We offer complete branding solutions: logo design, visual identity, brand messaging, and more."
    },
    {
        "timestamp": "2025-05-18T12:23:32.153319",
        "user_message": "ui3yeiu37",
        "bot_response": "We offer complete branding solutions: logo design, visual identity, brand messaging, and more."
    },
    {
        "timestamp": "2025-05-18T12:24:09.286721",
        "user_message": "can i schedule a meeting?",
        "bot_response": "To set up a consultation, please email disonmethvin.education@gmail.com with your preferred meeting time. We'll get back to you within 24 hours to confirm the appointment."
    },
    {
        "timestamp": "2025-05-18T12:24:09.327503",
        "user_message": "can i schedule a meeting?",
        "bot_response": "To set up a consultation, please email disonmethvin.education@gmail.com with your preferred meeting time. We'll get back to you within 24 hours to confirm the appointment."
    },
    {
        "timestamp": "2025-05-18T12:24:58.812779",
        "user_message": "hello",
        "bot_response": "Hello! How can Methvin Marketing assist you with your marketing goals?"
    },
    {
        "timestamp": "2025-05-18T12:24:58.909001",
        "user_message": "hello",
        "bot_response": "Hello! How can Methvin Marketing assist you with your marketing goals?"
    },
    {
        "timestamp": "2025-05-18T12:25:05.594219",
        "user_message": "thank you",
        "bot_response": "You're welcome! If you have more questions, just ask."
    },
    {
        "timestamp": "2025-05-18T12:25:05.647824",
        "user_message": "thank you",
        "bot_response": "You're welcome! If you have more questions, just ask."
    },
    {
        "timestamp": "2025-05-18T17:43:51.892345",
        "user_message": "hi",
        "bot_response": "Hi! Ready to take your marketing to the next level? Ask me anything."
    },
    {
        "timestamp": "2025-05-18T17:43:51.928280",
        "user_message": "hi",
        "bot_response": "Hi! Ready to take your marketing to the next level? Ask me anything."
    },
    {
        "timestamp": "2025-05-18T17:43:54.912553",
        "user_message": "what can you do",
        "bot_response": "I'm a chatbot built to help your business grow!"
    },
    {
        "timestamp": "2025-05-18T17:43:54.953016",
        "user_message": "what can you do",
        "bot_response": "I'm a chatbot built to help your business grow!"
    },
    {
        "timestamp": "2025-05-18T17:44:02.344498",
        "user_message": "can i get some marketing tips",
        "bot_response": "Sure! To give you the best marketing tips, can you tell me what type of business you have? (e.g., education, restaurant, retail, etc.)"
    },
    {
        "timestamp": "2025-05-18T17:44:02.507837",
        "user_message": "can i get some marketing tips",
        "bot_response": "Sure! To give you the best marketing tips, can you tell me what type of business you have? (e.g., education, restaurant, retail, etc.)"
    }
]